COLLEGES;CLASSES;EFF_G;EFF_F;EFF_T;PRES_G;PRES_F;PRES_T;MOY_MAX_F;MOY_MAX_G;MOY_MIN_F;MOY_MIN_G;inf_6.5_G;inf_6.5_F;inf_6.5_T;6.5_7.5_G;6.5_7.5_F;6.5_7.5_T;7.5_9_G;7.5_9_F;7.5_9_T;9_10_G;9_10_F;9_10_T;10_12_G;10_12_F;10_12_T;12_14_G;12_14_F;12_14_T;14_16_G;14_16_F;14_16_T;sup_16_G;sup_16_F;sup_16_T;;;;
CPEG ADAI;6e;9;9;18;9;9;18;14.92;16.96;10.02;9.55;0.0;0.0;0.0;0.0;0.0;0.0;0.0;0.0;0.0;0.0;11.1;5.6;55.6;33.3;44.4;33.3;44.4;38.9;11.1;0.0;5.6;0.0;11.1;5.6;;;;
CPEG ADAI;5e;16;8;24;16;8;24;17.13;14.93;9.72;9.54;0.0;0.0;0.0;0.0;0.0;0.0;0.0;0.0;0.0;12.5;25.0;16.7;50.0;25.0;41.7;18.8;25.0;20.8;12.5;25.0;16.7;6.3;0.0;4.2;;;;
CPEG ADAI;4e;10;9;19;9;9;18;16.13;13.37;10.19;8.98;0.0;0.0;0.0;0.0;0.0;0.0;0.0;11.1;5.6;0.0;33.3;16.7;55.6;33.3;44.4;22.2;22.2;22.2;11.1;0.0;5.6;11.1;0.0;5.6;;;;
CPEG ADAI;3e;20;12;32;20;12;32;14.06;14.41;6.96;6.65;0.0;0.0;0.0;15.0;8.3;12.5;20.0;16.7;18.8;20.0;25.0;21.9;25.0;33.3;28.1;15.0;8.3;12.5;5.0;8.3;6.3;0.0;0.0;0.0;;;;
CPEG ADAI;Cycle 1;55;38;93;54;38;92;17.13;16.96;6.96;6.65;0.0;0.0;0.0;5.6;2.6;4.3;7.4;7.9;7.6;11.1;23.7;16.3;42.6;31.6;38.0;20.4;23.7;21.7;9.3;7.9;8.7;3.7;2.6;3.3;;;;
CPEG ALBARKA;6e;8;9;17;8;9;17;15.91;16.75;9.37;10.65;0.0;0.0;0.0;0.0;0.0;0.0;0.0;0.0;0.0;25.0;0.0;11.8;37.5;33.3;35.3;12.5;11.1;11.8;25.0;33.3;29.4;0.0;22.2;11.8;;;;
CPEG ALBARKA;5e;15;15;30;15;15;30;14.66;15.85;8.7;9.11;0.0;0.0;0.0;0.0;0.0;0.0;6.7;0.0;3.3;6.7;13.3;10.0;53.3;40.0;46.7;20.0;13.3;16.7;13.3;33.3;23.3;0.0;0.0;0.0;;;;
CPEG ALBARKA;4e;12;16;28;12;16;28;14.47;16.69;7.78;7.83;0.0;0.0;0.0;0.0;0.0;0.0;8.3;18.8;14.3;0.0;6.3;3.6;33.3;37.5;35.7;50.0;25.0;35.7;8.3;6.3;7.1;0.0;6.3;3.6;;;;
CPEG ALBARKA;3e;9;10;19;9;10;19;14.53;11.46;8.71;8.95;0.0;0.0;0.0;0.0;0.0;0.0;11.1;10.0;10.5;22.2;10.0;15.8;22.2;80.0;52.6;22.2;0.0;10.5;22.2;0.0;10.5;0.0;0.0;0.0;;;;
CPEG ALBARKA;Cycle 1;44;50;94;44;50;94;15.91;16.75;7.78;7.83;0.0;0.0;0.0;0.0;0.0;0.0;6.8;8.0;7.4;11.4;8.0;9.6;38.6;46.0;42.6;27.3;14.0;20.2;15.9;18.0;17.0;0.0;6.0;3.2;;;;
CPEG AMITIE;6e;27;11;38;27;11;38;18.78;15.56;9.95;10;0.0;0.0;0.0;0.0;0.0;0.0;0.0;0.0;0.0;3.7;0.0;2.6;22.2;45.5;28.9;37.0;18.2;31.6;22.2;36.4;26.3;14.8;0.0;10.5;;;;
CPEG AMITIE;5e;56;11;67;56;11;67;18.19;18.37;8.97;9.43;0.0;0.0;0.0;0.0;0.0;0.0;1.8;0.0;1.5;12.5;27.3;14.9;41.1;27.3;38.8;23.2;27.3;23.9;12.5;9.1;11.9;8.9;9.1;9.0;;;;
CPEG AMITIE;4e;38;20;58;36;19;55;18.71;15.59;7.8;8.49;0.0;0.0;0.0;0.0;0.0;0.0;5.6;15.8;9.1;16.7;21.1;18.2;41.7;26.3;36.4;22.2;15.8;20.0;8.3;21.1;12.7;5.6;0.0;3.6;;;;
CPEG AMITIE;3e;44;12;56;43;12;55;17.69;12.89;7.88;7.81;0.0;0.0;0.0;0.0;0.0;0.0;14.0;16.7;14.5;11.6;33.3;16.4;48.8;25.0;43.6;11.6;25.0;14.5;7.0;0.0;5.5;7.0;0.0;5.5;;;;
CPEG AMITIE;Cycle 1;165;54;219;162;53;215;18.78;18.37;7.8;7.81;0.0;0.0;0.0;0.0;0.0;0.0;5.6;9.4;6.5;11.7;20.8;14.0;40.1;30.2;37.7;22.2;20.8;21.9;11.7;17.0;13.0;8.6;1.9;7.0;;;;
CPEG AVENIR DU MILLENAIRE;6e;1;1;2;1;1;2;11.46;13.66;11.46;13.66;0.0;0.0;0.0;0.0;0.0;0.0;0.0;0.0;0.0;0.0;0.0;0.0;100.0;0.0;50.0;0.0;100.0;50.0;0.0;0.0;0.0;0.0;0.0;0.0;;;;
CPEG AVENIR DU MILLENAIRE;5e;3;2;5;3;1;4;16.4;13.08;11.91;13.08;0.0;0.0;0.0;0.0;0.0;0.0;0.0;0.0;0.0;0.0;0.0;0.0;33.3;0.0;25.0;0.0;100.0;25.0;33.3;0.0;25.0;33.3;0.0;25.0;;;;
CPEG AVENIR DU MILLENAIRE;4e;6;2;8;4;2;6;13.18;12.11;10.45;10.78;0.0;0.0;0.0;0.0;0.0;0.0;0.0;0.0;0.0;0.0;0.0;0.0;75.0;50.0;66.7;25.0;50.0;33.3;0.0;0.0;0.0;0.0;0.0;0.0;;;;
CPEG AVENIR DU MILLENAIRE;3e;13;3;16;0;1;1;;10.18;;10.18;;0.0;0.0;;0.0;0.0;;0.0;0.0;;0.0;0.0;;100.0;100.0;;0.0;0.0;;0.0;0.0;;0.0;0.0;;;;
CPEG AVENIR DU MILLENAIRE;Cycle 1;23;8;31;8;5;13;16.4;13.66;0;10.18;0.0;0.0;0.0;0.0;0.0;0.0;0.0;0.0;0.0;0.0;0.0;0.0;62.5;40.0;53.8;12.5;60.0;30.8;12.5;0.0;7.7;12.5;0.0;7.7;;;;
CPEG BONFEREY;6e;10;10;20;10;9;19;13.87;13.27;8.75;9.83;0.0;0.0;0.0;0.0;0.0;0.0;10.0;0.0;5.3;10.0;11.1;10.5;10.0;66.7;36.8;70.0;22.2;47.4;0.0;0.0;0.0;0.0;0.0;0.0;;;;
CPEG BONFEREY;5e;11;10;21;11;8;19;16.96;13.9;10.23;9.18;0.0;0.0;0.0;0.0;0.0;0.0;0.0;0.0;0.0;0.0;12.5;5.3;54.5;37.5;47.4;9.1;50.0;26.3;27.3;0.0;15.8;9.1;0.0;5.3;;;;
CPEG BONFEREY;4e;20;7;27;20;7;27;15.27;15.67;8.39;8.45;0.0;0.0;0.0;0.0;0.0;0.0;10.0;14.3;11.1;20.0;28.6;22.2;45.0;28.6;40.7;15.0;14.3;14.8;10.0;14.3;11.1;0.0;0.0;0.0;;;;
CPEG BONFEREY;3e;12;6;18;10;6;16;12.59;11.27;9.1;7;0.0;0.0;0.0;0.0;16.7;6.3;0.0;16.7;6.3;20.0;16.7;18.8;70.0;50.0;62.5;10.0;0.0;6.3;0.0;0.0;0.0;0.0;0.0;0.0;;;;
CPEG BONFEREY;Cycle 1;53;33;86;51;30;81;16.96;15.67;8.39;7;0.0;0.0;0.0;0.0;3.3;1.2;5.9;6.7;6.2;13.7;16.7;14.8;45.1;46.7;45.7;23.5;23.3;23.5;9.8;3.3;7.4;2.0;0.0;1.2;;;;
CPEG BONFEREY;2nde A2;0;2;2;0;2;2;;12.85;;12.37;;0.0;0.0;;0.0;0.0;;0.0;0.0;;0.0;0.0;;0.0;0.0;;100.0;100.0;;0.0;0.0;;0.0;0.0;;;;
CPEG BONFEREY;2nde D;4;4;8;3;4;7;12.23;12.56;9.84;10.19;0.0;0.0;0.0;0.0;0.0;0.0;0.0;0.0;0.0;33.3;0.0;14.3;0.0;75.0;42.9;66.7;25.0;42.9;0.0;0.0;0.0;0.0;0.0;0.0;;;;
CPEG BONFEREY;Cycle 2;4;6;10;3;6;9;12.23;12.85;0;10.19;0.0;0.0;0.0;0.0;0.0;0.0;0.0;0.0;0.0;33.3;0.0;11.1;0.0;50.0;33.3;66.7;50.0;55.6;0.0;0.0;0.0;0.0;0.0;0.0;;;;
CPEG CHAMPAGNAT;6e;25;19;44;25;19;44;16.96;17.67;8.31;9.6;0.0;0.0;0.0;0.0;0.0;0.0;4.0;0.0;2.3;4.0;10.5;6.8;32.0;36.8;34.1;24.0;26.3;25.0;20.0;21.1;20.5;16.0;5.3;11.4;;;;
CPEG CHAMPAGNAT;5e;24;18;42;24;18;42;18.16;16.5;9.44;9.98;0.0;0.0;0.0;0.0;0.0;0.0;0.0;0.0;0.0;8.3;5.6;7.1;25.0;16.7;21.4;12.5;33.3;21.4;33.3;27.8;31.0;20.8;16.7;19.0;;;;
CPEG CHAMPAGNAT;4e;23;16;39;22;16;38;14.82;16.32;10.29;10.1;0.0;0.0;0.0;0.0;0.0;0.0;0.0;0.0;0.0;0.0;0.0;0.0;68.2;56.3;63.2;18.2;31.3;23.7;13.6;6.3;10.5;0.0;6.3;2.6;;;;
CPEG CHAMPAGNAT;3e;24;18;42;24;18;42;15.85;13.97;7.82;8.78;0.0;0.0;0.0;0.0;0.0;0.0;16.7;5.6;11.9;33.3;27.8;31.0;37.5;33.3;35.7;8.3;33.3;19.0;4.2;0.0;2.4;0.0;0.0;0.0;;;;
CPEG CHAMPAGNAT;Cycle 1;96;71;167;95;71;166;18.16;17.67;7.82;8.78;0.0;0.0;0.0;0.0;0.0;0.0;5.3;1.4;3.6;11.6;11.3;11.4;40.0;35.2;38.0;15.8;31.0;22.3;17.9;14.1;16.3;9.5;7.0;8.4;;;;
CPEG CHAMPAGNAT;2nde A2;1;1;2;1;1;2;9.05;9.43;9.05;9.43;0.0;0.0;0.0;0.0;0.0;0.0;0.0;0.0;0.0;100.0;100.0;100.0;0.0;0.0;0.0;0.0;0.0;0.0;0.0;0.0;0.0;0.0;0.0;0.0;;;;
CPEG CHAMPAGNAT;2nde C;1;4;5;1;4;5;12.66;16.45;12.66;10.72;0.0;0.0;0.0;0.0;0.0;0.0;0.0;0.0;0.0;0.0;0.0;0.0;0.0;25.0;20.0;100.0;0.0;20.0;0.0;50.0;40.0;0.0;25.0;20.0;;;;
CPEG CHAMPAGNAT;2nde D;2;5;7;2;5;7;10.19;10.38;8.83;8.7;0.0;0.0;0.0;0.0;0.0;0.0;50.0;20.0;28.6;0.0;60.0;42.9;50.0;20.0;28.6;0.0;0.0;0.0;0.0;0.0;0.0;0.0;0.0;0.0;;;;
CPEG CHAMPAGNAT;1ère A2;3;5;8;3;5;8;11.67;11.72;11.1;10.15;0.0;0.0;0.0;0.0;0.0;0.0;0.0;0.0;0.0;0.0;0.0;0.0;100.0;100.0;100.0;0.0;0.0;0.0;0.0;0.0;0.0;0.0;0.0;0.0;;;;
CPEG CHAMPAGNAT;1ère C;2;1;3;2;1;3;13.9;12.37;12.24;12.37;0.0;0.0;0.0;0.0;0.0;0.0;0.0;0.0;0.0;0.0;0.0;0.0;0.0;0.0;0.0;100.0;100.0;100.0;0.0;0.0;0.0;0.0;0.0;0.0;;;;
CPEG CHAMPAGNAT;1ère D;5;8;13;5;8;13;12.16;12.91;10.42;9.09;0.0;0.0;0.0;0.0;0.0;0.0;0.0;0.0;0.0;0.0;62.5;38.5;80.0;12.5;38.5;20.0;25.0;23.1;0.0;0.0;0.0;0.0;0.0;0.0;;;;
CPEG CHAMPAGNAT;Tle A2;3;9;12;3;9;12;10.98;12.43;10.37;8.1;0.0;0.0;0.0;0.0;0.0;0.0;0.0;22.2;16.7;0.0;0.0;0.0;100.0;55.6;66.7;0.0;22.2;16.7;0.0;0.0;0.0;0.0;0.0;0.0;;;;
CPEG CHAMPAGNAT;Tle C;2;1;3;2;1;3;13.07;11.55;12.43;11.55;0.0;0.0;0.0;0.0;0.0;0.0;0.0;0.0;0.0;0.0;0.0;0.0;0.0;100.0;33.3;100.0;0.0;66.7;0.0;0.0;0.0;0.0;0.0;0.0;;;;
CPEG CHAMPAGNAT;Tle D;7;9;16;7;9;16;12.86;10.74;7.61;7.74;0.0;0.0;0.0;0.0;0.0;0.0;42.9;55.6;50.0;28.6;11.1;18.8;0.0;33.3;18.8;28.6;0.0;12.5;0.0;0.0;0.0;0.0;0.0;0.0;;;;
CPEG CHAMPAGNAT;Cycle 2;26;43;69;26;43;69;13.9;16.45;7.61;7.74;0.0;0.0;0.0;0.0;0.0;0.0;15.4;18.6;17.4;11.5;23.3;18.8;42.3;39.5;40.6;30.8;11.6;18.8;0.0;4.7;2.9;0.0;2.3;1.4;;;;
CPEG CITE DE LA REUSSITE;6e;7;10;17;7;10;17;13.75;16.02;9.72;10.38;0.0;0.0;0.0;0.0;0.0;0.0;0.0;0.0;0.0;14.3;0.0;5.9;28.6;20.0;23.5;57.1;70.0;64.7;0.0;0.0;0.0;0.0;10.0;5.9;;;;
CPEG CITE DE LA REUSSITE;5e;6;4;10;4;4;8;14.81;13.89;11.61;10.51;0.0;0.0;0.0;0.0;0.0;0.0;0.0;0.0;0.0;0.0;0.0;0.0;25.0;75.0;50.0;50.0;25.0;37.5;25.0;0.0;12.5;0.0;0.0;0.0;;;;
CPEG CITE DE LA REUSSITE;4e;13;11;24;12;8;20;16.71;13.79;7.48;8.3;0.0;0.0;0.0;8.3;0.0;5.0;8.3;12.5;10.0;16.7;0.0;10.0;41.7;37.5;40.0;16.7;50.0;30.0;0.0;0.0;0.0;8.3;0.0;5.0;;;;
CPEG CITE DE LA REUSSITE;3e;8;9;17;8;9;17;12.61;13.12;7.77;7.23;0.0;0.0;0.0;0.0;11.1;5.9;25.0;33.3;29.4;25.0;22.2;23.5;37.5;11.1;23.5;12.5;22.2;17.6;0.0;0.0;0.0;0.0;0.0;0.0;;;;
CPEG CITE DE LA REUSSITE;Cycle 1;34;34;68;31;31;62;16.71;16.02;7.48;7.23;0.0;0.0;0.0;3.2;3.2;3.2;9.7;12.9;11.3;16.1;6.5;11.3;35.5;29.0;32.3;29.0;45.2;37.1;3.2;0.0;1.6;3.2;3.2;3.2;;;;
CPEG CITE DE LA REUSSITE;2nde A2;1;1;2;1;0;1;14.37;0;14.37;0;0.0;;0.0;0.0;;0.0;0.0;;0.0;0.0;;0.0;0.0;;0.0;0.0;;0.0;100.0;;100.0;0.0;;0.0;;;;
CPEG CITE DE LA REUSSITE;2nde D;0;1;1;0;1;1;;14.53;;14.53;;0.0;0.0;;0.0;0.0;;0.0;0.0;;0.0;0.0;;0.0;0.0;;0.0;0.0;;100.0;100.0;;0.0;0.0;;;;
CPEG CITE DE LA REUSSITE;1ère A2;4;3;7;4;2;6;12.4;13.01;10.97;12.16;0.0;0.0;0.0;0.0;0.0;0.0;0.0;0.0;0.0;0.0;0.0;0.0;75.0;0.0;50.0;25.0;100.0;50.0;0.0;0.0;0.0;0.0;0.0;0.0;;;;
CPEG CITE DE LA REUSSITE;Tle A2;4;2;6;4;1;5;11.81;10.43;8.63;10.43;0.0;0.0;0.0;0.0;0.0;0.0;25.0;0.0;20.0;0.0;0.0;0.0;75.0;100.0;80.0;0.0;0.0;0.0;0.0;0.0;0.0;0.0;0.0;0.0;;;;
CPEG CITE DE LA REUSSITE;Tle B;1;1;2;1;1;2;8.78;9.91;8.78;9.91;0.0;0.0;0.0;0.0;0.0;0.0;100.0;0.0;50.0;0.0;100.0;50.0;0.0;0.0;0.0;0.0;0.0;0.0;0.0;0.0;0.0;0.0;0.0;0.0;;;;
CPEG CITE DE LA REUSSITE;Cycle 2;10;8;18;10;5;15;14.37;14.53;0;0;0.0;0.0;0.0;0.0;0.0;0.0;20.0;0.0;13.3;0.0;20.0;6.7;60.0;20.0;46.7;10.0;40.0;20.0;10.0;20.0;13.3;0.0;0.0;0.0;;;;
CPEG CLE D'OR;6e;20;10;30;20;10;30;17.78;17.07;5.97;8.93;5.0;0.0;3.3;0.0;0.0;0.0;15.0;10.0;13.3;10.0;10.0;10.0;15.0;20.0;16.7;30.0;10.0;23.3;15.0;40.0;23.3;10.0;10.0;10.0;;;;
CPEG CLE D'OR;5e;20;14;34;20;14;34;18.27;16.43;8.24;10.21;0.0;0.0;0.0;0.0;0.0;0.0;5.0;0.0;2.9;5.0;0.0;2.9;25.0;57.1;38.2;35.0;28.6;32.4;25.0;7.1;17.6;5.0;7.1;5.9;;;;
CPEG CLE D'OR;4e;12;12;24;12;12;24;15.53;14.82;8.46;8.36;0.0;0.0;0.0;0.0;0.0;0.0;16.7;16.7;16.7;33.3;16.7;25.0;33.3;41.7;37.5;8.3;16.7;12.5;8.3;8.3;8.3;0.0;0.0;0.0;;;;
CPEG CLE D'OR;3e;15;5;20;15;5;20;15.09;12.44;7.95;8.99;0.0;0.0;0.0;0.0;0.0;0.0;26.7;20.0;25.0;20.0;0.0;15.0;26.7;60.0;35.0;20.0;20.0;20.0;6.7;0.0;5.0;0.0;0.0;0.0;;;;
CPEG CLE D'OR;Cycle 1;67;41;108;67;41;108;18.27;17.07;5.97;8.36;1.5;0.0;0.9;0.0;0.0;0.0;14.9;9.8;13.0;14.9;7.3;12.0;23.9;43.9;31.5;25.4;19.5;23.1;14.9;14.6;14.8;4.5;4.9;4.6;;;;
CPEG CLE DU TRESOR;6e;2;8;10;2;8;10;13.46;18.14;9.74;13.12;0.0;0.0;0.0;0.0;0.0;0.0;0.0;0.0;0.0;50.0;0.0;10.0;0.0;0.0;0.0;50.0;25.0;30.0;0.0;50.0;40.0;0.0;25.0;20.0;;;;
CPEG CLE DU TRESOR;5e;4;10;14;4;10;14;15.21;17.19;6.93;7.74;0.0;0.0;0.0;25.0;0.0;7.1;0.0;30.0;21.4;25.0;10.0;14.3;0.0;40.0;28.6;25.0;10.0;14.3;25.0;0.0;7.1;0.0;10.0;7.1;;;;
CPEG CLE DU TRESOR;4e;4;5;9;4;5;9;16.89;16.83;12.35;10.45;0.0;0.0;0.0;0.0;0.0;0.0;0.0;0.0;0.0;0.0;0.0;0.0;0.0;60.0;33.3;75.0;0.0;33.3;0.0;20.0;11.1;25.0;20.0;22.2;;;;
CPEG CLE DU TRESOR;3e;6;9;15;6;9;15;12.57;15.63;8.63;6.72;0.0;0.0;0.0;0.0;33.3;20.0;33.3;0.0;13.3;0.0;0.0;0.0;50.0;33.3;40.0;16.7;22.2;20.0;0.0;11.1;6.7;0.0;0.0;0.0;;;;
CPEG CLE DU TRESOR;Cycle 1;16;32;48;16;32;48;16.89;18.14;6.93;6.72;0.0;0.0;0.0;6.3;9.4;8.3;12.5;9.4;10.4;12.5;3.1;6.3;18.8;31.3;27.1;37.5;15.6;22.9;6.3;18.8;14.6;6.3;12.5;10.4;;;;
CPEG COOPERATIVE;6e;19;7;26;19;7;26;17.28;16.65;7.05;8.28;0.0;0.0;0.0;5.3;0.0;3.8;15.8;14.3;15.4;15.8;0.0;11.5;26.3;57.1;34.6;21.1;0.0;15.4;10.5;14.3;11.5;5.3;14.3;7.7;;;;
CPEG COOPERATIVE;5e;19;11;30;19;10;29;14.38;16.65;8.45;9.62;0.0;0.0;0.0;0.0;0.0;0.0;5.3;0.0;3.4;10.5;10.0;10.3;42.1;60.0;48.3;31.6;20.0;27.6;10.5;0.0;6.9;0.0;10.0;3.4;;;;
CPEG COOPERATIVE;4e;10;6;16;8;5;13;13.58;12.21;8.75;6.41;0.0;20.0;7.7;0.0;0.0;0.0;25.0;60.0;38.5;12.5;0.0;7.7;50.0;0.0;30.8;12.5;20.0;15.4;0.0;0.0;0.0;0.0;0.0;0.0;;;;
CPEG COOPERATIVE;3e;15;10;25;15;9;24;14.1;13.47;7.4;6.43;0.0;22.2;8.3;6.7;0.0;4.2;20.0;11.1;16.7;6.7;0.0;4.2;53.3;55.6;54.2;6.7;11.1;8.3;6.7;0.0;4.2;0.0;0.0;0.0;;;;
CPEG COOPERATIVE;Cycle 1;63;34;97;61;31;92;17.28;16.65;7.05;6.41;0.0;9.7;3.3;3.3;0.0;2.2;14.8;16.1;15.2;11.5;3.2;8.7;41.0;48.4;43.5;19.7;12.9;17.4;8.2;3.2;6.5;1.6;6.5;3.3;;;;
CPEG COOPERATIVE;2nde A2;4;3;7;4;3;7;13.99;11.35;9.1;8.01;0.0;0.0;0.0;0.0;0.0;0.0;0.0;33.3;14.3;25.0;0.0;14.3;50.0;66.7;57.1;25.0;0.0;14.3;0.0;0.0;0.0;0.0;0.0;0.0;;;;
CPEG COOPERATIVE;Cycle 2;4;3;7;4;3;7;13.99;11.35;9.1;8.01;0.0;0.0;0.0;0.0;0.0;0.0;0.0;33.3;14.3;25.0;0.0;14.3;50.0;66.7;57.1;25.0;0.0;14.3;0.0;0.0;0.0;0.0;0.0;0.0;;;;
CPEG CREUSET DU SAVOIR;6e;9;19;28;9;19;28;17.81;18.42;7.88;6.27;0.0;5.3;3.6;0.0;0.0;0.0;22.2;26.3;25.0;22.2;5.3;10.7;0.0;15.8;10.7;22.2;5.3;10.7;11.1;10.5;10.7;22.2;31.6;28.6;;;;
CPEG CREUSET DU SAVOIR;5e;11;15;26;11;15;26;15.56;15.42;11.1;9.4;0.0;0.0;0.0;0.0;0.0;0.0;0.0;0.0;0.0;0.0;13.3;7.7;27.3;33.3;30.8;36.4;26.7;30.8;36.4;26.7;30.8;0.0;0.0;0.0;;;;
CPEG CREUSET DU SAVOIR;4e;10;8;18;10;8;18;16.48;13.89;8.53;7.74;0.0;0.0;0.0;0.0;0.0;0.0;20.0;37.5;27.8;30.0;12.5;22.2;10.0;12.5;11.1;10.0;37.5;22.2;20.0;0.0;11.1;10.0;0.0;5.6;;;;
CPEG CREUSET DU SAVOIR;3e;7;5;12;7;5;12;14.99;13.33;9.11;9.12;0.0;0.0;0.0;0.0;0.0;0.0;0.0;0.0;0.0;42.9;40.0;41.7;28.6;40.0;33.3;14.3;20.0;16.7;14.3;0.0;8.3;0.0;0.0;0.0;;;;
CPEG CREUSET DU SAVOIR;Cycle 1;37;47;84;37;47;84;17.81;18.42;7.88;6.27;0.0;2.1;1.2;0.0;0.0;0.0;10.8;17.0;14.3;21.6;12.8;16.7;16.2;23.4;20.2;21.6;19.1;20.2;21.6;12.8;16.7;8.1;12.8;10.7;;;;
CPEG DAR ALHADITH;6e;13;8;21;13;8;21;17.93;13.08;6.83;8.84;0.0;0.0;0.0;7.7;0.0;4.8;7.7;12.5;9.5;7.7;37.5;19.0;0.0;25.0;9.5;23.1;25.0;23.8;15.4;0.0;9.5;38.5;0.0;23.8;;;;
CPEG DAR ALHADITH;5e;10;12;22;9;12;21;14.28;17.73;10.71;10.49;0.0;0.0;0.0;0.0;0.0;0.0;0.0;0.0;0.0;0.0;0.0;0.0;55.6;16.7;33.3;22.2;33.3;28.6;22.2;25.0;23.8;0.0;25.0;14.3;;;;
CPEG DAR ALHADITH;Cycle 1;23;20;43;22;20;42;17.93;17.73;6.83;8.84;0.0;0.0;0.0;4.5;0.0;2.4;4.5;5.0;4.8;4.5;15.0;9.5;22.7;20.0;21.4;22.7;30.0;26.2;18.2;15.0;16.7;22.7;15.0;19.0;;;;
CPEG DESTINY BRIGHTER;6e;1;3;4;1;3;4;9.5;13.52;9.5;10.04;0.0;0.0;0.0;0.0;0.0;0.0;0.0;0.0;0.0;100.0;0.0;25.0;0.0;33.3;25.0;0.0;66.7;50.0;0.0;0.0;0.0;0.0;0.0;0.0;;;;
CPEG DESTINY BRIGHTER;5e;6;4;10;5;4;9;15.18;14.67;5.25;10.13;20.0;0.0;11.1;0.0;0.0;0.0;0.0;0.0;0.0;0.0;0.0;0.0;20.0;25.0;22.2;20.0;50.0;33.3;40.0;25.0;33.3;0.0;0.0;0.0;;;;
CPEG DESTINY BRIGHTER;4e;2;2;4;2;2;4;8.68;8.22;8.52;6.28;0.0;50.0;25.0;0.0;0.0;0.0;100.0;50.0;75.0;0.0;0.0;0.0;0.0;0.0;0.0;0.0;0.0;0.0;0.0;0.0;0.0;0.0;0.0;0.0;;;;
CPEG DESTINY BRIGHTER;3e;1;3;4;1;3;4;10.57;13.23;10.57;7.03;0.0;0.0;0.0;0.0;33.3;25.0;0.0;0.0;0.0;0.0;0.0;0.0;100.0;33.3;50.0;0.0;33.3;25.0;0.0;0.0;0.0;0.0;0.0;0.0;;;;
CPEG DESTINY BRIGHTER;Cycle 1;10;12;22;9;12;21;15.18;14.67;5.25;6.28;11.1;8.3;9.5;0.0;8.3;4.8;22.2;8.3;14.3;11.1;0.0;4.8;22.2;25.0;23.8;11.1;41.7;28.6;22.2;8.3;14.3;0.0;0.0;0.0;;;;
CPEG ESPERANCE;6e;3;4;7;3;4;7;15.38;17.26;13.95;13.28;0.0;0.0;0.0;0.0;0.0;0.0;0.0;0.0;0.0;0.0;0.0;0.0;0.0;0.0;0.0;33.3;25.0;28.6;66.7;25.0;42.9;0.0;50.0;28.6;;;;
CPEG ESPERANCE;Cycle 1;3;4;7;3;4;7;15.38;17.26;13.95;13.28;0.0;0.0;0.0;0.0;0.0;0.0;0.0;0.0;0.0;0.0;0.0;0.0;0.0;0.0;0.0;33.3;25.0;28.6;66.7;25.0;42.9;0.0;50.0;28.6;;;;
CPEG CITE PROTESTANTE;6e;24;22;46;23;22;45;18.31;18.14;6.98;8.64;0.0;0.0;0.0;4.3;0.0;2.2;4.3;4.5;4.4;0.0;4.5;2.2;30.4;0.0;15.6;39.1;31.8;35.6;8.7;36.4;22.2;13.0;22.7;17.8;;;;
CPEG CITE PROTESTANTE;5e;16;19;35;16;18;34;18;17.94;11;9.42;0.0;0.0;0.0;0.0;0.0;0.0;0.0;0.0;0.0;0.0;16.7;8.8;31.3;16.7;23.5;31.3;33.3;32.4;12.5;22.2;17.6;25.0;11.1;17.6;;;;
CPEG CITE PROTESTANTE;4e;14;11;25;14;11;25;14.55;17.02;8.12;8.21;0.0;0.0;0.0;0.0;0.0;0.0;14.3;36.4;24.0;21.4;9.1;16.0;28.6;9.1;20.0;28.6;18.2;24.0;7.1;9.1;8.0;0.0;18.2;8.0;;;;
CPEG CITE PROTESTANTE;3e;18;11;29;18;11;29;12.38;15.05;6.45;7.87;5.6;0.0;3.4;11.1;0.0;6.9;22.2;18.2;20.7;22.2;0.0;13.8;27.8;45.5;34.5;11.1;18.2;13.8;0.0;18.2;6.9;0.0;0.0;0.0;;;;
CPEG CITE PROTESTANTE;Cycle 1;72;63;135;71;62;133;18.31;18.14;6.45;7.87;1.4;0.0;0.8;4.2;0.0;2.3;9.9;11.3;10.5;9.9;8.1;9.0;29.6;14.5;22.6;28.2;27.4;27.8;7.0;24.2;15.0;9.9;14.5;12.0;;;;
CPEG MADONE;6e;25;20;45;25;20;45;16.65;17.74;8.12;6.38;0.0;5.0;2.2;0.0;0.0;0.0;12.0;0.0;6.7;16.0;5.0;11.1;36.0;30.0;33.3;12.0;35.0;22.2;20.0;20.0;20.0;4.0;5.0;4.4;;;;
CPEG MADONE;5e;21;25;46;21;25;46;16.73;16.61;5.59;8.77;4.8;0.0;2.2;0.0;0.0;0.0;4.8;8.0;6.5;19.0;12.0;15.2;38.1;40.0;39.1;19.0;32.0;26.1;9.5;4.0;6.5;4.8;4.0;4.3;;;;
CPEG MADONE;4e;20;15;35;20;15;35;16.77;13.87;6.89;8.85;0.0;0.0;0.0;5.0;0.0;2.9;20.0;6.7;14.3;25.0;6.7;17.1;20.0;66.7;40.0;10.0;20.0;14.3;10.0;0.0;5.7;10.0;0.0;5.7;;;;
CPEG MADONE;3e;17;29;46;17;28;45;13.5;13.42;7.73;7.5;0.0;0.0;0.0;0.0;0.0;0.0;29.4;32.1;31.1;29.4;28.6;28.9;23.5;25.0;24.4;17.6;14.3;15.6;0.0;0.0;0.0;0.0;0.0;0.0;;;;
CPEG MADONE;Cycle 1;83;89;172;83;88;171;16.77;17.74;5.59;6.38;1.2;1.1;1.2;1.2;0.0;0.6;15.7;13.6;14.6;21.7;14.8;18.1;30.1;37.5;33.9;14.5;25.0;19.9;10.8;5.7;8.2;4.8;2.3;3.5;;;;
CPEG MADONE;2nde A1;1;1;2;1;1;2;9.59;9.27;9.59;9.27;0.0;0.0;0.0;0.0;0.0;0.0;0.0;0.0;0.0;100.0;100.0;100.0;0.0;0.0;0.0;0.0;0.0;0.0;0.0;0.0;0.0;0.0;0.0;0.0;;;;
CPEG MADONE;2nde A2;4;5;9;4;5;9;13.9;13.74;11.22;11.54;0.0;0.0;0.0;0.0;0.0;0.0;0.0;0.0;0.0;0.0;0.0;0.0;25.0;20.0;22.2;75.0;80.0;77.8;0.0;0.0;0.0;0.0;0.0;0.0;;;;
CPEG MADONE;2nde D;10;9;19;8;9;17;14.26;13.69;4.51;7.16;12.5;0.0;5.9;0.0;11.1;5.9;25.0;11.1;17.6;12.5;22.2;17.6;37.5;44.4;41.2;0.0;11.1;5.9;12.5;0.0;5.9;0.0;0.0;0.0;;;;
CPEG MADONE;1ère A2;6;13;19;6;13;19;13.3;13.36;7.09;8.04;0.0;0.0;0.0;16.7;0.0;5.3;16.7;30.8;26.3;16.7;0.0;5.3;33.3;38.5;36.8;16.7;30.8;26.3;0.0;0.0;0.0;0.0;0.0;0.0;;;;
CPEG MADONE;1ère D;9;8;17;9;7;16;14.32;12.55;9.28;8.7;0.0;0.0;0.0;0.0;0.0;0.0;0.0;14.3;6.3;33.3;14.3;25.0;44.4;42.9;43.8;11.1;28.6;18.8;11.1;0.0;6.3;0.0;0.0;0.0;;;;
CPEG MADONE;Tle A2;5;9;14;5;9;14;9.85;11.79;7.55;7.34;0.0;0.0;0.0;0.0;11.1;7.1;80.0;33.3;50.0;20.0;11.1;14.3;0.0;44.4;28.6;0.0;0.0;0.0;0.0;0.0;0.0;0.0;0.0;0.0;;;;
CPEG MADONE;Tle D;8;11;19;8;11;19;12.82;13.45;7.32;7.62;0.0;0.0;0.0;12.5;0.0;5.3;25.0;36.4;31.6;12.5;0.0;5.3;25.0;18.2;21.1;25.0;45.5;36.8;0.0;0.0;0.0;0.0;0.0;0.0;;;;
CPEG MADONE;Cycle 2;43;56;99;41;55;96;14.32;13.74;4.51;7.16;2.4;0.0;1.0;4.9;3.6;4.2;22.0;23.6;22.9;19.5;9.1;13.5;29.3;34.5;32.3;17.1;29.1;24.0;4.9;0.0;2.1;0.0;0.0;0.0;;;;
CPEG LEADER;6e;6;6;12;6;6;12;16.07;15.62;6.28;11.25;16.7;0.0;8.3;0.0;0.0;0.0;33.3;0.0;16.7;0.0;0.0;0.0;33.3;50.0;41.7;0.0;0.0;0.0;0.0;50.0;25.0;16.7;0.0;8.3;;;;
CPEG LEADER;5e;13;7;20;13;7;20;16.25;16.11;8.19;8.07;0.0;0.0;0.0;0.0;0.0;0.0;15.4;14.3;15.0;7.7;0.0;5.0;46.2;28.6;40.0;15.4;28.6;20.0;7.7;14.3;10.0;7.7;14.3;10.0;;;;
CPEG LEADER;4e;10;6;16;10;6;16;13.45;12.57;7.12;6.27;0.0;16.7;6.3;10.0;0.0;6.3;10.0;0.0;6.3;30.0;16.7;25.0;40.0;50.0;43.8;10.0;16.7;12.5;0.0;0.0;0.0;0.0;0.0;0.0;;;;
CPEG LEADER;3e;21;10;31;21;10;31;13.24;10.77;5.59;6.09;9.5;20.0;12.9;9.5;20.0;12.9;14.3;10.0;12.9;23.8;20.0;22.6;33.3;30.0;32.3;9.5;0.0;6.5;0.0;0.0;0.0;0.0;0.0;0.0;;;;
CPEG LEADER;Cycle 1;50;29;79;50;29;79;16.25;16.11;5.59;6.09;6.0;10.3;7.6;6.0;6.9;6.3;16.0;6.9;12.7;18.0;10.3;15.2;38.0;37.9;38.0;10.0;10.3;10.1;2.0;13.8;6.3;4.0;3.4;3.8;;;;
CPEG LEADER;2nde A2;4;4;8;4;4;8;11.42;11.88;10;9.63;0.0;0.0;0.0;0.0;0.0;0.0;0.0;0.0;0.0;0.0;50.0;25.0;100.0;50.0;75.0;0.0;0.0;0.0;0.0;0.0;0.0;0.0;0.0;0.0;;;;
CPEG LEADER;2nde D;4;1;5;4;1;5;11.66;12.84;8.81;12.84;0.0;0.0;0.0;0.0;0.0;0.0;25.0;0.0;20.0;0.0;0.0;0.0;75.0;0.0;60.0;0.0;100.0;20.0;0.0;0.0;0.0;0.0;0.0;0.0;;;;
CPEG LEADER;1ère A2;10;5;15;10;5;15;11;12.25;6.97;7.64;0.0;0.0;0.0;10.0;0.0;6.7;50.0;80.0;60.0;0.0;0.0;0.0;40.0;0.0;26.7;0.0;20.0;6.7;0.0;0.0;0.0;0.0;0.0;0.0;;;;
CPEG LEADER;1ère D;10;4;14;9;4;13;11.63;10.94;7.55;7.11;0.0;0.0;0.0;0.0;25.0;7.7;11.1;25.0;15.4;22.2;25.0;23.1;66.7;25.0;53.8;0.0;0.0;0.0;0.0;0.0;0.0;0.0;0.0;0.0;;;;
CPEG LEADER;Tle A2;20;8;28;19;7;26;11.43;11.18;5.99;6.03;10.5;14.3;11.5;5.3;14.3;7.7;26.3;28.6;26.9;36.8;14.3;30.8;21.1;28.6;23.1;0.0;0.0;0.0;0.0;0.0;0.0;0.0;0.0;0.0;;;;
CPEG LEADER;Cycle 2;48;22;70;46;21;67;11.66;12.84;5.99;6.03;4.3;4.8;4.5;4.3;9.5;6.0;26.1;33.3;28.4;19.6;19.0;19.4;45.7;23.8;38.8;0.0;9.5;3.0;0.0;0.0;0.0;0.0;0.0;0.0;;;;
CPEG AGBOTON;5e;6;4;10;6;4;10;15.25;13.69;11.23;10.48;0.0;0.0;0.0;0.0;0.0;0.0;0.0;0.0;0.0;0.0;0.0;0.0;33.3;50.0;40.0;33.3;50.0;40.0;33.3;0.0;20.0;0.0;0.0;0.0;;;;
CPEG AGBOTON;Cycle 1;6;4;10;6;4;10;15.25;13.69;11.23;10.48;0.0;0.0;0.0;0.0;0.0;0.0;0.0;0.0;0.0;0.0;0.0;0.0;33.3;50.0;40.0;33.3;50.0;40.0;33.3;0.0;20.0;0.0;0.0;0.0;;;;
CPEG NATIVITE;6e;13;17;30;13;17;30;15.25;15.96;8.6;6.33;0.0;5.9;3.3;0.0;5.9;3.3;7.7;0.0;3.3;0.0;0.0;0.0;7.7;17.6;13.3;38.5;41.2;40.0;46.2;29.4;36.7;0.0;0.0;0.0;;;;
CPEG NATIVITE;5e;10;9;19;10;9;19;16.63;16.47;11.45;9.65;0.0;0.0;0.0;0.0;0.0;0.0;0.0;0.0;0.0;0.0;11.1;5.3;10.0;11.1;10.5;20.0;22.2;21.1;50.0;44.4;47.4;20.0;11.1;15.8;;;;
CPEG NATIVITE;4e;11;21;32;11;21;32;14.86;18.04;8.97;6.98;0.0;0.0;0.0;0.0;4.8;3.1;9.1;14.3;12.5;18.2;14.3;15.6;27.3;38.1;34.4;27.3;9.5;15.6;18.2;14.3;15.6;0.0;4.8;3.1;;;;
CPEG NATIVITE;3e;14;12;26;14;12;26;15.55;16.21;7.89;9.42;0.0;0.0;0.0;0.0;0.0;0.0;14.3;0.0;7.7;21.4;8.3;15.4;21.4;58.3;38.5;14.3;8.3;11.5;28.6;16.7;23.1;0.0;8.3;3.8;;;;
CPEG NATIVITE;Cycle 1;48;59;107;48;59;107;16.63;18.04;7.89;6.33;0.0;1.7;0.9;0.0;3.4;1.9;8.3;5.1;6.5;10.4;8.5;9.3;16.7;32.2;25.2;25.0;20.3;22.4;35.4;23.7;29.0;4.2;5.1;4.7;;;;
CPEG NIS;6e;20;16;36;20;16;36;16.58;16.58;10.33;11.69;0.0;0.0;0.0;0.0;0.0;0.0;0.0;0.0;0.0;0.0;0.0;0.0;30.0;12.5;22.2;40.0;43.8;41.7;25.0;37.5;30.6;5.0;6.3;5.6;;;;
CPEG NIS;5e;10;11;21;10;11;21;15.43;15.26;8.93;7.89;0.0;0.0;0.0;0.0;0.0;0.0;10.0;9.1;9.5;10.0;0.0;4.8;30.0;9.1;19.0;30.0;72.7;52.4;20.0;9.1;14.3;0.0;0.0;0.0;;;;
CPEG NIS;4e;5;8;13;5;8;13;13.03;15.79;11.12;8.67;0.0;0.0;0.0;0.0;0.0;0.0;0.0;12.5;7.7;0.0;12.5;7.7;60.0;37.5;46.2;40.0;12.5;23.1;0.0;25.0;15.4;0.0;0.0;0.0;;;;
CPEG NIS;3e;4;6;10;4;6;10;11.08;15;9.52;8.49;0.0;0.0;0.0;0.0;0.0;0.0;0.0;33.3;20.0;50.0;16.7;30.0;50.0;16.7;30.0;0.0;0.0;0.0;0.0;33.3;20.0;0.0;0.0;0.0;;;;
CPEG NIS;Cycle 1;39;41;80;39;41;80;16.58;16.58;8.93;7.89;0.0;0.0;0.0;0.0;0.0;0.0;2.6;9.8;6.3;7.7;4.9;6.3;35.9;17.1;26.3;33.3;39.0;36.3;17.9;26.8;22.5;2.6;2.4;2.5;;;;
CPEG NIS;2nde A2;2;6;8;2;6;8;12.77;15.39;10.68;11.39;0.0;0.0;0.0;0.0;0.0;0.0;0.0;0.0;0.0;0.0;0.0;0.0;50.0;33.3;37.5;50.0;50.0;50.0;0.0;16.7;12.5;0.0;0.0;0.0;;;;
CPEG NIS;1ère A2;0;2;2;0;2;2;;13.25;;12.12;;0.0;0.0;;0.0;0.0;;0.0;0.0;;0.0;0.0;;0.0;0.0;;100.0;100.0;;0.0;0.0;;0.0;0.0;;;;
CPEG NIS;Cycle 2;2;8;10;2;8;10;12.77;15.39;0;11.39;0.0;0.0;0.0;0.0;0.0;0.0;0.0;0.0;0.0;0.0;0.0;0.0;50.0;25.0;30.0;50.0;62.5;60.0;0.0;12.5;10.0;0.0;0.0;0.0;;;;
CPEG NOTRE DAME DU BORGOU;6e;17;21;38;17;21;38;17.98;18.24;7.72;8.44;0.0;0.0;0.0;0.0;0.0;0.0;11.8;14.3;13.2;11.8;9.5;10.5;5.9;14.3;10.5;35.3;28.6;31.6;17.6;23.8;21.1;17.6;9.5;13.2;;;;
CPEG NOTRE_DAME DU BORGOU;5e;16;18;34;16;18;34;16.7;17.54;9.05;10.49;0.0;0.0;0.0;0.0;0.0;0.0;0.0;0.0;0.0;18.8;0.0;8.8;25.0;16.7;20.6;31.3;38.9;35.3;6.3;27.8;17.6;18.8;16.7;17.6;;;;
CPEG NOTRE_DAME DU BORGOU;4e;17;13;30;17;12;29;16.56;17.96;8.29;9.05;0.0;0.0;0.0;0.0;0.0;0.0;5.9;0.0;3.4;5.9;33.3;17.2;41.2;41.7;41.4;23.5;0.0;13.8;17.6;8.3;13.8;5.9;16.7;10.3;;;;
CPEG NOTRE_DAME DU BORGOU;3e;12;8;20;12;8;20;14.71;15.74;7.53;8.24;0.0;0.0;0.0;0.0;0.0;0.0;8.3;12.5;10.0;25.0;50.0;35.0;41.7;12.5;30.0;8.3;12.5;10.0;16.7;12.5;15.0;0.0;0.0;0.0;;;;
CPEG NOTRE_DAME_BORGOU;Cycle 1;62;60;122;62;59;121;17.98;18.24;7.53;8.24;0.0;0.0;0.0;0.0;0.0;0.0;6.5;6.8;6.6;14.5;16.9;15.7;27.4;20.3;24.0;25.8;23.7;24.8;14.5;20.3;17.4;11.3;11.9;11.6;;;;
CPEG OZANAM;6e;21;21;42;21;21;42;16.47;16.75;8.37;10.5;0.0;0.0;0.0;0.0;0.0;0.0;14.3;0.0;7.1;9.5;0.0;4.8;23.8;14.3;19.0;42.9;42.9;42.9;4.8;28.6;16.7;4.8;14.3;9.5;;;;
CPEG OZANAM;5e;26;19;45;26;17;43;16.7;18.56;9.48;10.71;0.0;0.0;0.0;0.0;0.0;0.0;0.0;0.0;0.0;11.5;0.0;7.0;46.2;23.5;37.2;15.4;41.2;25.6;23.1;17.6;20.9;3.8;17.6;9.3;;;;
CPEG OZANAM;4e;33;31;64;30;28;58;17.91;16.55;7.63;7.42;0.0;0.0;0.0;0.0;7.1;3.4;6.7;14.3;10.3;16.7;10.7;13.8;46.7;28.6;37.9;20.0;25.0;22.4;6.7;7.1;6.9;3.3;7.1;5.2;;;;
CPEG OZANAM;3e;16;22;38;16;22;38;18.14;14.88;7.46;8.16;0.0;0.0;0.0;6.3;0.0;2.6;6.3;13.6;10.5;25.0;13.6;18.4;31.3;54.5;44.7;25.0;13.6;18.4;0.0;4.5;2.6;6.3;0.0;2.6;;;;
CPEG OZANAM;Cycle 1;96;93;189;93;88;181;18.14;18.56;7.46;7.42;0.0;0.0;0.0;1.1;2.3;1.7;6.5;8.0;7.2;15.1;6.8;11.0;38.7;30.7;34.8;24.7;29.5;27.1;9.7;13.6;11.6;4.3;9.1;6.6;;;;
CPEG OZANAM;2nde A2;5;13;18;4;12;16;14.16;14.69;10.87;9.72;0.0;0.0;0.0;0.0;0.0;0.0;0.0;0.0;0.0;0.0;16.7;12.5;25.0;16.7;18.8;50.0;41.7;43.8;25.0;25.0;25.0;0.0;0.0;0.0;;;;
CPEG OZANAM;2nde D;9;9;18;8;9;17;12.79;14.68;9.15;11.33;0.0;0.0;0.0;0.0;0.0;0.0;0.0;0.0;0.0;12.5;0.0;5.9;75.0;33.3;52.9;12.5;55.6;35.3;0.0;11.1;5.9;0.0;0.0;0.0;;;;
CPEG OZANAM;1ère A2;5;7;12;3;7;10;12.83;12.21;11.48;8.79;0.0;0.0;0.0;0.0;0.0;0.0;0.0;14.3;10.0;0.0;42.9;30.0;33.3;28.6;30.0;66.7;14.3;30.0;0.0;0.0;0.0;0.0;0.0;0.0;;;;
CPEG OZANAM;1ère D;7;9;16;7;8;15;13.42;13.57;9.14;9.06;0.0;0.0;0.0;0.0;0.0;0.0;0.0;0.0;0.0;28.6;25.0;26.7;28.6;25.0;26.7;42.9;50.0;46.7;0.0;0.0;0.0;0.0;0.0;0.0;;;;
CPEG OZANAM;Tle A2;4;12;16;2;7;9;11.74;11.89;10.4;10.13;0.0;0.0;0.0;0.0;0.0;0.0;0.0;0.0;0.0;0.0;0.0;0.0;100.0;100.0;100.0;0.0;0.0;0.0;0.0;0.0;0.0;0.0;0.0;0.0;;;;
CPEG OZANAM;Tle D;8;16;24;7;15;22;12.73;14.86;7.07;7.46;0.0;0.0;0.0;14.3;6.7;9.1;0.0;13.3;9.1;14.3;20.0;18.2;57.1;26.7;36.4;14.3;20.0;18.2;0.0;13.3;9.1;0.0;0.0;0.0;;;;
CPEG OZANAM;Cycle 2;38;66;104;31;58;89;14.16;14.86;7.07;7.46;0.0;0.0;0.0;3.2;1.7;2.2;0.0;5.2;3.4;12.9;17.2;15.7;51.6;34.5;40.4;29.0;31.0;30.3;3.2;10.3;7.9;0.0;0.0;0.0;;;;
CPEG PROVIDENCE;6e;5;2;7;5;1;6;14.88;11.65;10.85;11.65;0.0;0.0;0.0;0.0;0.0;0.0;0.0;0.0;0.0;0.0;0.0;0.0;20.0;100.0;33.3;60.0;0.0;50.0;20.0;0.0;16.7;0.0;0.0;0.0;;;;
CPEG PROVIDENCE;5e;8;5;13;8;5;13;12.97;14.91;9.45;8.46;0.0;0.0;0.0;0.0;0.0;0.0;0.0;20.0;7.7;25.0;0.0;15.4;62.5;40.0;53.8;12.5;20.0;15.4;0.0;20.0;7.7;0.0;0.0;0.0;;;;
CPEG PROVIDENCE;4e;9;3;12;8;3;11;12.19;10.39;8.17;9.62;0.0;0.0;0.0;0.0;0.0;0.0;25.0;0.0;18.2;37.5;33.3;36.4;25.0;66.7;36.4;12.5;0.0;9.1;0.0;0.0;0.0;0.0;0.0;0.0;;;;
CPEG PROVIDENCE;3e;8;7;15;8;7;15;9.65;10;5.15;5.47;37.5;14.3;26.7;0.0;28.6;13.3;37.5;28.6;33.3;25.0;14.3;20.0;0.0;14.3;6.7;0.0;0.0;0.0;0.0;0.0;0.0;0.0;0.0;0.0;;;;
CPEG PROVIDENCE;Cycle 1;30;17;47;29;16;45;14.88;14.91;5.15;5.47;10.3;6.3;8.9;0.0;12.5;4.4;17.2;18.8;17.8;24.1;12.5;20.0;27.6;37.5;31.1;17.2;6.3;13.3;3.4;6.3;4.4;0.0;0.0;0.0;;;;
CPEG PROVIDENCE;2nde A2;2;2;4;2;2;4;11.97;12.17;9.53;11.38;0.0;0.0;0.0;0.0;0.0;0.0;0.0;0.0;0.0;50.0;0.0;25.0;50.0;50.0;50.0;0.0;50.0;25.0;0.0;0.0;0.0;0.0;0.0;0.0;;;;
CPEG PROVIDENCE;2nde D;3;0;3;3;0;3;11.34;0;9.62;0;0.0;;0.0;0.0;;0.0;0.0;;0.0;33.3;;33.3;66.7;;66.7;0.0;;0.0;0.0;;0.0;0.0;;0.0;;;;
CPEG PROVIDENCE;1ère A2;7;0;7;7;0;7;13.35;0;9.12;0;0.0;;0.0;0.0;;0.0;0.0;;0.0;57.1;;57.1;28.6;;28.6;14.3;;14.3;0.0;;0.0;0.0;;0.0;;;;
CPEG PROVIDENCE;Tle A2;3;8;11;3;7;10;11.18;13.02;9.36;7.65;0.0;0.0;0.0;0.0;0.0;0.0;0.0;14.3;10.0;66.7;0.0;20.0;33.3;57.1;50.0;0.0;28.6;20.0;0.0;0.0;0.0;0.0;0.0;0.0;;;;
CPEG PROVIDENCE;Tle D;7;5;12;7;5;12;13.47;11.76;8.76;9.47;0.0;0.0;0.0;0.0;0.0;0.0;42.9;0.0;25.0;14.3;20.0;16.7;28.6;80.0;50.0;14.3;0.0;8.3;0.0;0.0;0.0;0.0;0.0;0.0;;;;
CPEG PROVIDENCE;Cycle 2;22;15;37;22;14;36;13.47;13.02;8.76;0;0.0;0.0;0.0;0.0;0.0;0.0;13.6;7.1;11.1;40.9;7.1;27.8;36.4;64.3;47.2;9.1;21.4;13.9;0.0;0.0;0.0;0.0;0.0;0.0;;;;
CPEG SEWA;6e;12;9;21;12;9;21;14.39;17.38;7.91;8.59;0.0;0.0;0.0;0.0;0.0;0.0;8.3;11.1;9.5;16.7;22.2;19.0;41.7;11.1;28.6;25.0;11.1;19.0;8.3;22.2;14.3;0.0;22.2;9.5;;;;
CPEG SEWA;5e;15;7;22;15;7;22;17.84;13.06;8.82;7.64;0.0;0.0;0.0;0.0;0.0;0.0;13.3;28.6;18.2;13.3;14.3;13.6;20.0;42.9;27.3;33.3;14.3;27.3;6.7;0.0;4.5;13.3;0.0;9.1;;;;
CPEG SEWA;4e;3;9;12;3;9;12;10.31;15.93;8.74;9.11;0.0;0.0;0.0;0.0;0.0;0.0;33.3;0.0;8.3;33.3;33.3;33.3;33.3;44.4;41.7;0.0;11.1;8.3;0.0;11.1;8.3;0.0;0.0;0.0;;;;
CPEG SEWA;3e;8;8;16;8;8;16;15.42;12.67;7.42;7.79;0.0;0.0;0.0;12.5;0.0;6.3;25.0;25.0;25.0;37.5;25.0;31.3;12.5;37.5;25.0;0.0;12.5;6.3;12.5;0.0;6.3;0.0;0.0;0.0;;;;
CPEG SEWA;Cycle 1;38;33;71;38;33;71;17.84;17.38;7.42;7.64;0.0;0.0;0.0;2.6;0.0;1.4;15.8;15.2;15.5;21.1;24.2;22.5;26.3;33.3;29.6;21.1;12.1;16.9;7.9;9.1;8.5;5.3;6.1;5.6;;;;
CPEG SEWA;2nde A2;3;1;4;3;1;4;11.6;8.1;10.3;8.1;0.0;0.0;0.0;0.0;0.0;0.0;0.0;100.0;25.0;0.0;0.0;0.0;100.0;0.0;75.0;0.0;0.0;0.0;0.0;0.0;0.0;0.0;0.0;0.0;;;;
CPEG SEWA;1ère A2;3;5;8;3;5;8;13.61;11.01;8.9;0;0.0;20.0;12.5;0.0;0.0;0.0;33.3;0.0;12.5;0.0;0.0;0.0;33.3;80.0;62.5;33.3;0.0;12.5;0.0;0.0;0.0;0.0;0.0;0.0;;;;
CPEG SEWA;Cycle 2;6;6;12;6;6;12;13.61;11.01;8.9;0;0.0;16.7;8.3;0.0;0.0;0.0;16.7;16.7;16.7;0.0;0.0;0.0;66.7;66.7;66.7;16.7;0.0;8.3;0.0;0.0;0.0;0.0;0.0;0.0;;;;
CPEG SOLIDARITE;6e;12;11;23;12;11;23;17.73;15.44;9.16;6.7;0.0;0.0;0.0;0.0;9.1;4.3;0.0;0.0;0.0;8.3;0.0;4.3;41.7;27.3;34.8;25.0;36.4;30.4;0.0;27.3;13.0;25.0;0.0;13.0;;;;
CPEG SOLIDARITE;5e;14;17;31;14;17;31;16.98;17.48;8.37;8.98;0.0;0.0;0.0;0.0;0.0;0.0;7.1;5.9;6.5;14.3;17.6;16.1;42.9;35.3;38.7;28.6;17.6;22.6;0.0;11.8;6.5;7.1;11.8;9.7;;;;
CPEG SOLIDARITE;4e;12;12;24;12;12;24;13.26;14.22;9.43;6.91;0.0;0.0;0.0;0.0;8.3;4.2;0.0;8.3;4.2;16.7;8.3;12.5;58.3;41.7;50.0;25.0;16.7;20.8;0.0;16.7;8.3;0.0;0.0;0.0;;;;
CPEG SOLIDARITE;3e;16;15;31;16;15;31;12.61;14.83;6.79;6.76;0.0;0.0;0.0;6.3;6.7;6.5;31.3;40.0;35.5;18.8;20.0;19.4;37.5;6.7;22.6;6.3;13.3;9.7;0.0;13.3;6.5;0.0;0.0;0.0;;;;
CPEG SOLIDARITE;Cycle 1;54;55;109;54;55;109;17.73;17.48;6.79;6.7;0.0;0.0;0.0;1.9;5.5;3.7;11.1;14.5;12.8;14.8;12.7;13.8;44.4;27.3;35.8;20.4;20.0;20.2;0.0;16.4;8.3;7.4;3.6;5.5;;;;
CPEG SOLIDARITE;2nde A2;2;2;4;2;2;4;11.71;13.79;10.39;11.9;0.0;0.0;0.0;0.0;0.0;0.0;0.0;0.0;0.0;0.0;0.0;0.0;100.0;50.0;75.0;0.0;50.0;25.0;0.0;0.0;0.0;0.0;0.0;0.0;;;;
CPEG SOLIDARITE;2nde D;5;4;9;5;4;9;14.03;14.07;9.06;10.45;0.0;0.0;0.0;0.0;0.0;0.0;0.0;0.0;0.0;40.0;0.0;22.2;20.0;25.0;22.2;20.0;50.0;33.3;20.0;25.0;22.2;0.0;0.0;0.0;;;;
CPEG SOLIDARITE;1ère A2;4;10;14;4;10;14;12.84;12.32;10.13;8.94;0.0;0.0;0.0;0.0;0.0;0.0;0.0;10.0;7.1;0.0;30.0;21.4;75.0;50.0;57.1;25.0;10.0;14.3;0.0;0.0;0.0;0.0;0.0;0.0;;;;
CPEG SOLIDARITE;1ère D;4;6;10;4;6;10;15.34;12.14;8.6;7.87;0.0;0.0;0.0;0.0;0.0;0.0;25.0;50.0;40.0;50.0;16.7;30.0;0.0;16.7;10.0;0.0;16.7;10.0;25.0;0.0;10.0;0.0;0.0;0.0;;;;
CPEG SOLIDARITE;Tle A2;5;9;14;5;9;14;12.2;12.41;9.42;8.75;0.0;0.0;0.0;0.0;0.0;0.0;0.0;11.1;7.1;20.0;22.2;21.4;60.0;33.3;42.9;20.0;33.3;28.6;0.0;0.0;0.0;0.0;0.0;0.0;;;;
CPEG SOLIDARITE;Tle D;8;9;17;8;9;17;12.74;16.23;7.84;9.07;0.0;0.0;0.0;0.0;0.0;0.0;25.0;0.0;11.8;37.5;33.3;35.3;25.0;44.4;35.3;12.5;11.1;11.8;0.0;0.0;0.0;0.0;11.1;5.9;;;;
CPEG SOLIDARITE;Cycle 2;28;40;68;28;40;68;15.34;16.23;7.84;7.87;0.0;0.0;0.0;0.0;0.0;0.0;10.7;12.5;11.8;28.6;22.5;25.0;39.3;37.5;38.2;14.3;22.5;19.1;7.1;2.5;4.4;0.0;2.5;1.5;;;;
CPEG TENDRESSE;6e;8;10;18;8;10;18;14.3;17.2;9.41;9.67;0.0;0.0;0.0;0.0;0.0;0.0;0.0;0.0;0.0;25.0;10.0;16.7;12.5;50.0;33.3;50.0;20.0;33.3;12.5;0.0;5.6;0.0;20.0;11.1;;;;
CPEG TENDRESSE;5e;10;7;17;10;7;17;16.79;16.42;10.15;7.66;0.0;0.0;0.0;0.0;0.0;0.0;0.0;14.3;5.9;0.0;0.0;0.0;50.0;28.6;41.2;20.0;14.3;17.6;20.0;28.6;23.5;10.0;14.3;11.8;;;;
CPEG TENDRESSE;4e;12;15;27;12;15;27;17.46;16.36;8.3;7.58;0.0;0.0;0.0;0.0;0.0;0.0;8.3;26.7;18.5;0.0;13.3;7.4;41.7;6.7;22.2;25.0;26.7;25.9;16.7;20.0;18.5;8.3;6.7;7.4;;;;
CPEG TENDRESSE;3e;12;12;24;12;12;24;16.33;17.11;8.16;8.31;0.0;0.0;0.0;0.0;0.0;0.0;25.0;8.3;16.7;25.0;33.3;29.2;16.7;25.0;20.8;8.3;16.7;12.5;16.7;8.3;12.5;8.3;8.3;8.3;;;;
CPEG TENDRESSE;Cycle 1;42;44;86;42;44;86;17.46;17.2;8.16;7.58;0.0;0.0;0.0;0.0;0.0;0.0;9.5;13.6;11.6;11.9;15.9;14.0;31.0;25.0;27.9;23.8;20.5;22.1;16.7;13.6;15.1;7.1;11.4;9.3;;;;
CPEG TENDRESSE;2nde A2;1;5;6;1;5;6;13.37;14.04;13.37;12.11;0.0;0.0;0.0;0.0;0.0;0.0;0.0;0.0;0.0;0.0;0.0;0.0;0.0;0.0;0.0;100.0;80.0;83.3;0.0;20.0;16.7;0.0;0.0;0.0;;;;
CPEG TENDRESSE;2nde D;4;4;8;4;4;8;14.58;12.34;10.32;8.57;0.0;0.0;0.0;0.0;0.0;0.0;0.0;25.0;12.5;0.0;25.0;12.5;25.0;25.0;25.0;50.0;25.0;37.5;25.0;0.0;12.5;0.0;0.0;0.0;;;;
CPEG TENDRESSE;1ère A2;3;9;12;3;9;12;10.22;12.98;9.83;9.5;0.0;0.0;0.0;0.0;0.0;0.0;0.0;0.0;0.0;66.7;22.2;33.3;33.3;33.3;33.3;0.0;44.4;33.3;0.0;0.0;0.0;0.0;0.0;0.0;;;;
CPEG TENDRESSE;1ère D;6;6;12;6;6;12;11.48;16.11;9.75;10.76;0.0;0.0;0.0;0.0;0.0;0.0;0.0;0.0;0.0;16.7;0.0;8.3;83.3;50.0;66.7;0.0;16.7;8.3;0.0;16.7;8.3;0.0;16.7;8.3;;;;
CPEG TENDRESSE;Cycle 2;14;24;38;14;24;38;14.58;16.11;9.75;8.57;0.0;0.0;0.0;0.0;0.0;0.0;0.0;4.2;2.6;21.4;12.5;15.8;50.0;29.2;36.8;21.4;41.7;34.2;7.1;8.3;7.9;0.0;4.2;2.6;;;;
ESG PRIVES ALIBORI;6e;317;283;600;316;281;597;393.4;404.73;222.23;242.27;0.63;1.07;0.84;0.95;0.71;0.84;7.59;4.63;6.20;9.18;5.69;7.54;24.37;24.20;24.29;31.96;28.83;30.49;15.5;23.1;19.1;9.8;11.7;10.7;;;;
ESG PRIVES ALIBORI;5e;366;282;648;362;275;637;405.46;398.66;232.97;236.64;0.55;0.00;0.31;0.28;0.00;0.16;3.04;4.36;3.61;9.39;8.73;9.11;37.29;30.91;34.54;23.48;30.55;26.53;17.7;16.7;17.3;8.3;8.7;8.5;;;;
ESG PRIVES ALIBORI;4e;306;258;564;293;249;542;340.8;338.21;201.77;190.84;0.00;1.20;0.55;1.02;1.61;1.29;9.90;14.46;11.99;15.36;13.65;14.58;40.61;35.34;38.19;20.82;19.68;20.30;8.5;9.6;9.0;3.8;4.4;4.1;;;;
ESG PRIVES ALIBORI;3e;320;242;562;304;238;542;307.26;311.08;171.59;178.99;1.97;2.10;2.03;3.62;5.04;4.24;18.09;17.23;17.71;22.04;19.75;21.03;34.54;35.29;34.87;11.84;14.29;12.92;6.3;5.5;5.9;1.6;0.8;1.3;;;;
ESG PRIVES ALIBORI;Cycle 1;1309;1065;2374;1275;1043;2318;442.61;439.11;188.28;199.73;0.78;1.05;0.91;1.41;1.73;1.55;9.33;9.78;9.53;13.73;11.60;12.77;34.20;31.16;32.83;22.20;23.78;22.91;12.3;14.2;13.2;6.0;6.7;6.3;;;;
ESG PRIVES ALIBORI;2nde A;30;46;76;29;44;73;147.9;146.7;128.47;124.85;0.00;0.00;0.00;0.00;0.00;0.00;0.00;4.55;2.74;13.79;13.64;13.70;51.72;25.00;35.62;27.59;45.45;38.36;6.9;11.4;9.6;0.0;0.0;0.0;;;;
ESG PRIVES ALIBORI;2nde C;1;4;5;1;4;5;12.66;16.45;12.66;10.72;0.00;0.00;0.00;0.00;0.00;0.00;0.00;0.00;0.00;0.00;0.00;0.00;0.00;25.00;20.00;100.00;0.00;20.00;0.0;50.0;40.0;0.0;25.0;20.0;;;;
ESG PRIVES ALIBORI;2nde D;41;37;78;37;37;74;101.08;105.09;70.14;83.77;2.70;0.00;1.35;0.00;2.70;1.35;10.81;8.11;9.46;16.22;16.22;16.22;45.95;35.14;40.54;16.22;29.73;22.97;8.1;8.1;8.1;0.0;0.0;0.0;;;;
ESG PRIVES ALIBORI;1ère A;45;59;104;43;58;101;111.22;112.11;85.59;77.34;0.00;1.72;0.99;4.65;0.00;1.98;16.28;17.24;16.83;16.28;13.79;14.85;46.51;41.38;43.56;16.28;25.86;21.78;0.0;0.0;0.0;0.0;0.0;0.0;;;;
ESG PRIVES ALIBORI;1ère C;2;1;3;2;1;3;13.9;12.37;12.24;12.37;0.00;0.00;0.00;0.00;0.00;0.00;0.00;0.00;0.00;0.00;0.00;0.00;0.00;0.00;0.00;100.00;100.00;100.00;0.0;0.0;0.0;0.0;0.0;0.0;;;;
ESG PRIVES ALIBORI;1ère D;41;41;82;40;39;79;78.35;78.22;54.74;52.59;0.00;0.00;0.00;0.00;2.56;1.27;5.00;12.82;8.86;25.00;25.64;25.32;52.50;28.21;40.51;12.50;25.64;18.99;5.0;2.6;3.8;0.0;2.6;1.3;;;;
ESG PRIVES ALIBORI;Tle A;44;57;101;41;49;90;79.19;83.15;61.72;58.43;4.88;2.04;3.33;2.44;4.08;3.33;24.39;18.37;21.11;26.83;8.16;16.67;39.02;53.06;46.67;2.44;14.29;8.89;0.0;0.0;0.0;0.0;0.0;0.0;;;;
ESG PRIVES ALIBORI;Tle B;1;1;2;1;1;2;8.78;9.91;8.78;9.91;0.00;0.00;0.00;0.00;0.00;0.00;100.00;0.00;50.00;0.00;100.00;50.00;0.00;0.00;0.00;0.00;0.00;0.00;0.0;0.0;0.0;0.0;0.0;0.0;;;;
ESG PRIVES ALIBORI;Tle C;2;1;3;2;1;3;13.07;11.55;12.43;11.55;0.00;0.00;0.00;0.00;0.00;0.00;0.00;0.00;0.00;0.00;0.00;0.00;0.00;100.00;33.33;100.00;0.00;66.67;0.0;0.0;0.0;0.0;0.0;0.0;;;;
ESG PRIVES ALIBORI;Tle D;38;50;88;37;49;86;64.62;67.04;38.6;41.36;0.00;0.00;0.00;5.41;2.04;3.49;27.03;22.45;24.42;21.62;16.33;18.60;27.03;34.69;31.40;18.92;18.37;18.60;0.0;4.1;2.3;0.0;2.0;1.2;;;;
ESG PRIVES ALIBORI;Cycle 2;245;297;542;233;283;516;164.4;168.38;69.53;74.42;1.29;0.71;0.97;2.15;1.77;1.94;14.59;14.13;14.34;19.74;15.19;17.25;42.49;36.75;39.34;16.74;25.80;21.71;3.0;4.6;3.9;0.0;1.1;0.6;;;;
